0.0,1.3
0.001,1.3
0.002,1.3
0.003,1.3
0.004,1.3
0.005,1.3
0.006,1.3
0.007,1.3
0.008,1.3
0.009,1.3
0.01,1.3
0.011,1.3
0.012,1.3
0.013,1.3
0.014,1.3
0.015,1.3
0.016,1.3
0.017,1.3
0.018,1.3
0.019,1.3
0.02,1.3
0.021,1.3
0.022,1.3
0.023,1.3
0.024,1.3
0.025,1.3
0.026,1.3
0.027,1.3
0.028,1.3
0.029,1.3
0.03,1.3
0.031,1.3
0.032,1.3
0.033,1.3
0.034,1.3
0.035,1.3
0.036,1.3
0.037,1.3
0.038,1.3
0.039,1.3
0.04,1.3
0.041,1.3
0.042,1.3
0.043,1.3
0.044,1.3
0.045,1.3
0.046,1.3
0.047,1.3
0.048,1.3
0.049,1.3
0.05,1.3
0.051,1.3
0.052,1.3
0.053,1.3
0.054,1.3
0.055,1.3
0.056,1.3
0.057,1.3
0.058,1.3
0.059,1.3
0.06,1.3
0.061,1.3
0.062,1.3
0.063,1.3
0.064,1.3
0.065,1.3
0.066,1.3
0.067,1.3
0.068,1.3
0.069,1.3
0.07,1.3
0.071,1.3
0.072,1.3
0.073,1.3
0.074,1.3
0.075,1.3
0.076,1.3
0.077,1.3
0.078,1.3
0.079,1.3
0.08,1.3
0.081,1.3
0.082,1.3
0.083,1.3
0.084,1.3
0.085,1.3
0.086,1.3
0.087,1.3
0.088,1.3
0.089,1.3
0.09,1.3
0.091,1.3
0.092,1.3
0.093,1.3
0.094,1.3
0.095,1.3
0.096,1.3
0.097,1.3
0.098,1.3
0.099,1.3
0.1,1.3
0.101,1.3
0.102,1.3
0.103,1.3
0.104,1.3
0.105,1.3
0.106,1.3
0.107,1.3
0.108,1.3
0.109,1.3
0.11,1.3
0.111,1.3
0.112,1.3
0.113,1.3
0.114,1.3
0.115,1.3
0.116,1.3
0.117,1.3
0.118,1.3
0.119,1.3
0.12,1.3
0.121,1.3
0.122,1.3
0.123,1.3
0.124,1.3
0.125,1.3
0.126,1.3
0.127,1.3
0.128,1.3
0.129,1.3
0.13,1.3
0.131,1.3
0.132,1.3
0.133,1.3
0.134,1.3
0.135,1.3
0.136,1.3
0.137,1.3
0.138,1.3
0.139,1.3
0.14,1.3
0.141,1.3
0.142,1.3
0.143,1.3
0.144,1.3
0.145,1.3
0.146,1.3
0.147,1.3
0.148,1.3
0.149,1.3
0.15,1.3
0.151,1.3
0.152,1.3
0.153,1.3
0.154,1.3
0.155,1.3
0.156,1.3
0.157,1.3
0.158,1.3
0.159,1.3
0.16,1.3
0.161,1.3
0.162,1.3
0.163,1.3
0.164,1.3
0.165,1.3
0.166,1.3
0.167,1.3
0.168,1.3
0.169,1.3
0.17,1.3
0.171,1.3
0.172,1.3
0.173,1.3
0.174,1.3
0.175,1.3
0.176,1.3
0.177,1.3
0.178,1.3
0.179,1.3
0.18,1.3
0.181,1.3
0.182,1.3
0.183,1.3
0.184,1.3
0.185,1.3
0.186,1.3
0.187,1.3
0.188,1.3
0.189,1.3
0.19,1.3
0.191,1.3
0.192,1.3
0.193,1.3
0.194,1.3
0.195,1.3
0.196,1.3
0.197,1.3
0.198,1.3
0.199,1.3
0.2,1.3
0.201,1.3
0.202,1.3
0.203,1.3
0.204,1.3
0.205,1.3
0.206,1.3
0.207,1.3
0.208,1.3
0.209,1.3
0.21,1.3
0.211,1.3
0.212,1.3
0.213,1.3
0.214,1.3
0.215,1.3
0.216,1.3
0.217,1.3
0.218,1.3
0.219,1.3
0.22,1.3
0.221,1.3
0.222,1.3
0.223,1.3
0.224,1.3
0.225,1.3
0.226,1.3
0.227,1.3
0.228,1.3
0.229,1.3
0.23,1.3
0.231,1.3
0.232,1.3
0.233,1.3
0.234,1.3
0.235,1.3
0.236,1.3
0.237,1.3
0.238,1.3
0.239,1.3
0.24,1.3
0.241,1.3
0.242,1.3
0.243,1.3
0.244,1.3
0.245,1.3
0.246,1.3
0.247,1.3
0.248,1.3
0.249,1.3
0.25,1.3
0.251,1.3
0.252,1.3
0.253,1.3
0.254,1.3
0.255,1.3
0.256,1.3
0.257,1.3
0.258,1.3
0.259,1.3
0.26,1.3
0.261,1.3
0.262,1.3
0.263,1.3
0.264,1.3
0.265,1.3
0.266,1.3
0.267,1.3
0.268,1.3
0.269,1.3
0.27,1.3
0.271,1.3
0.272,1.3
0.273,1.3
0.274,1.3
0.275,1.3
0.276,1.3
0.277,1.3
0.278,1.3
0.279,1.3
0.28,1.3
0.281,1.3
0.282,1.3
0.283,1.3
0.284,1.3
0.285,1.3
0.286,1.3
0.287,1.3
0.288,1.3
0.289,1.3
0.29,1.3
0.291,1.3
0.292,1.3
0.293,1.3
0.294,1.3
0.295,1.3
0.296,1.3
0.297,1.3
0.298,1.3
0.299,1.3
0.3,1.3
0.301,1.3
0.302,1.3
0.303,1.3
0.304,1.3
0.305,1.3
0.306,1.3
0.307,1.3
0.308,1.3
0.309,1.3
0.31,1.3
0.311,1.3
0.312,1.3
0.313,1.3
0.314,1.3
0.315,1.3
0.316,1.3
0.317,1.3
0.318,1.3
0.319,1.3
0.32,1.3
0.321,1.3
0.322,1.3
0.323,1.3
0.324,1.3
0.325,1.3
0.326,1.3
0.327,1.3
0.328,1.3
0.329,1.3
0.33,1.3
0.331,1.3
0.332,1.3
0.333,1.3
0.334,1.3
0.335,1.3
0.336,1.3
0.337,1.3
0.338,1.3
0.339,1.3
0.34,1.3
0.341,1.3
0.342,1.3
0.343,1.3
0.344,1.3
0.345,1.3
0.346,1.3
0.347,1.3
0.348,1.3
0.349,1.3
0.35,1.3
0.351,1.3
0.352,1.3
0.353,1.3
0.354,1.3
0.355,1.3
0.356,1.3
0.357,1.3
0.358,1.3
0.359,1.3
0.36,1.3
0.361,1.3
0.362,1.3
0.363,1.3
0.364,1.3
0.365,1.3
0.366,1.3
0.367,1.3
0.368,1.3
0.369,1.3
0.37,1.3
0.371,1.3
0.372,1.3
0.373,1.3
0.374,1.3
0.375,1.3
0.376,1.3
0.377,1.3
0.378,1.3
0.379,1.3
0.38,1.3
0.381,1.3
0.382,1.3
0.383,1.3
0.384,1.3
0.385,1.3
0.386,1.3
0.387,1.3
0.388,1.3
0.389,1.3
0.39,1.3
0.391,1.3
0.392,1.3
0.393,1.3
0.394,1.3
0.395,1.3
0.396,1.3
0.397,1.3
0.398,1.3
0.399,1.3
0.4,1.3
0.401,1.3
0.402,1.3
0.403,1.3
0.404,1.3
0.405,1.3
0.406,1.3
0.407,1.3
0.408,1.3
0.409,1.3
0.41,1.3
0.411,1.3
0.412,1.3
0.413,1.3
0.414,1.3
0.415,1.3
0.416,1.3
0.417,1.3
0.418,1.3
0.419,1.3
0.42,1.3
0.421,1.3
0.422,1.3
0.423,1.3
0.424,1.3
0.425,1.3
0.426,1.3
0.427,1.3
0.428,1.3
0.429,1.3
0.43,1.3
0.431,1.3
0.432,1.3
0.433,1.3
0.434,1.3
0.435,1.3
0.436,1.3
0.437,1.3
0.438,1.3
0.439,1.3
0.44,1.3
0.441,1.3
0.442,1.3
0.443,1.3
0.444,1.3
0.445,1.3
0.446,1.3
0.447,1.3
0.448,1.3
0.449,1.3
0.45,1.3
0.451,1.3
0.452,1.3
0.453,1.3
0.454,1.3
0.455,1.3
0.456,1.3
0.457,1.3
0.458,1.3
0.459,1.3
0.46,1.3
0.461,1.3
0.462,1.3
0.463,1.3
0.464,1.3
0.465,1.3
0.466,1.3
0.467,1.3
0.468,1.3
0.469,1.3
0.47,1.3
0.471,1.3
0.472,1.3
0.473,1.3
0.474,1.3
0.475,1.3
0.476,1.3
0.477,1.3
0.478,1.3
0.479,1.3
0.48,1.3
0.481,1.3
0.482,1.3
0.483,1.3
0.484,1.3
0.485,1.3
0.486,1.3
0.487,1.3
0.488,1.3
0.489,1.3
0.49,1.3
0.491,1.3
0.492,1.3
0.493,1.3
0.494,1.3
0.495,1.3
0.496,1.3
0.497,1.3
0.498,1.3
0.499,1.3
0.5,1.3
0.501,1.3
0.502,1.3
0.503,1.3
0.504,1.3
0.505,1.3
0.506,1.3
0.507,1.3
0.508,1.3
0.509,1.3
0.51,1.3
0.511,1.3
0.512,1.3
0.513,1.3
0.514,1.3
0.515,1.3
0.516,1.3
0.517,1.3
0.518,1.3
0.519,1.3
0.52,1.3
0.521,1.3
0.522,1.3
0.523,1.3
0.524,1.3
0.525,1.3
0.526,1.3
0.527,1.3
0.528,1.3
0.529,1.3
0.53,1.3
0.531,1.3
0.532,1.3
0.533,1.3
0.534,1.3
0.535,1.3
0.536,1.3
0.537,1.3
0.538,1.3
0.539,1.3
0.54,1.3
0.541,1.3
0.542,1.3
0.543,1.3
0.544,1.3
0.545,1.3
0.546,1.3
0.547,1.3
0.548,1.3
0.549,1.3
0.55,1.3
0.551,1.3
0.552,1.3
0.553,1.3
0.554,1.3
0.555,1.3
0.556,1.3
0.557,1.3
0.558,1.3
0.559,1.3
0.56,1.3
0.561,1.3
0.562,1.3
0.563,1.3
0.564,1.3
0.565,1.3
0.566,1.3
0.567,1.3
0.568,1.3
0.569,1.3
0.57,1.3
0.571,1.3
0.572,1.3
0.573,1.3
0.574,1.3
0.575,1.3
0.576,1.3
0.577,1.3
0.578,1.3
0.579,1.3
0.58,1.3
0.581,1.3
0.582,1.3
0.583,1.3
0.584,1.3
0.585,1.3
0.586,1.3
0.587,1.3
0.588,1.3
0.589,1.3
0.59,1.3
0.591,1.3
0.592,1.3
0.593,1.3
0.594,1.3
0.595,1.3
0.596,1.3
0.597,1.3
0.598,1.3
0.599,1.3
0.6,1.3
0.601,1.3
0.602,1.3
0.603,1.3
0.604,1.3
0.605,1.3
0.606,1.3
0.607,1.3
0.608,1.3
0.609,1.3
0.61,1.3
0.611,1.3
0.612,1.3
0.613,1.3
0.614,1.3
0.615,1.3
0.616,1.3
0.617,1.3
0.618,1.3
0.619,1.3
0.62,1.3
0.621,1.3
0.622,1.3
0.623,1.3
0.624,1.3
0.625,1.3
0.626,1.3
0.627,1.3
0.628,1.3
0.629,1.3
0.63,1.3
0.631,1.3
0.632,1.3
0.633,1.3
0.634,1.3
0.635,1.3
0.636,1.3
0.637,1.3
0.638,1.3
0.639,1.3
0.64,1.3
0.641,1.3
0.642,1.3
0.643,1.3
0.644,1.3
0.645,1.3
0.646,1.3
0.647,1.3
0.648,1.3
0.649,1.3
0.65,1.3
0.651,1.3
0.652,1.3
0.653,1.3
0.654,1.3
0.655,1.3
0.656,1.3
0.657,1.3
0.658,1.3
0.659,1.3
0.66,1.3
0.661,1.3
0.662,1.3
0.663,1.3
0.664,1.3
0.665,1.3
0.666,1.3
0.667,1.3
0.668,1.3
0.669,1.3
0.67,1.3
0.671,1.3
0.672,1.3
0.673,1.3
0.674,1.3
0.675,1.3
0.676,1.3
0.677,1.3
0.678,1.3
0.679,1.3
0.68,1.3
0.681,1.3
0.682,1.3
0.683,1.3
0.684,1.3
0.685,1.3
0.686,1.3
0.687,1.3
0.688,1.3
0.689,1.3
0.69,1.3
0.691,1.3
0.692,1.3
0.693,1.3
0.694,1.3
0.695,1.3
0.696,1.3
0.697,1.3
0.698,1.3
0.699,1.3
0.7,1.3
0.701,1.3
0.702,1.3
0.703,1.3
0.704,1.3
0.705,1.3
0.706,1.3
0.707,1.3
0.708,1.3
0.709,1.3
0.71,1.3
0.711,1.3
0.712,1.3
0.713,1.3
0.714,1.3
0.715,1.3
0.716,1.3
0.717,1.3
0.718,1.3
0.719,1.3
0.72,1.3
0.721,1.3
0.722,1.3
0.723,1.3
0.724,1.3
0.725,1.3
0.726,1.3
0.727,1.3
0.728,1.3
0.729,1.3
0.73,1.3
0.731,1.3
0.732,1.3
0.733,1.3
0.734,1.3
0.735,1.3
0.736,1.3
0.737,1.3
0.738,1.3
0.739,1.3
0.74,1.3
0.741,1.3
0.742,1.3
0.743,1.3
0.744,1.3
0.745,1.3
0.746,1.3
0.747,1.3
0.748,1.3
0.749,1.3
0.75,1.3
0.751,1.3
0.752,1.3
0.753,1.3
0.754,1.3
0.755,1.3
0.756,1.3
0.757,1.3
0.758,1.3
0.759,1.3
0.76,1.3
0.761,1.3
0.762,1.3
0.763,1.3
0.764,1.3
0.765,1.3
0.766,1.3
0.767,1.3
0.768,1.3
0.769,1.3
0.77,1.3
0.771,1.3
0.772,1.3
0.773,1.3
0.774,1.3
0.775,1.3
0.776,1.3
0.777,1.3
0.778,1.3
0.779,1.3
0.78,1.3
0.781,1.3
0.782,1.3
0.783,1.3
0.784,1.3
0.785,1.3
0.786,1.3
0.787,1.3
0.788,1.3
0.789,1.3
0.79,1.3
0.791,1.3
0.792,1.3
0.793,1.3
0.794,1.3
0.795,1.3
0.796,1.3
0.797,1.3
0.798,1.3
0.799,1.3
0.8,1.3
0.801,1.3
0.802,1.3
0.803,1.3
0.804,1.3
0.805,1.3
0.806,1.3
0.807,1.3
0.808,1.3
0.809,1.3
0.81,1.3
0.811,1.3
0.812,1.3
0.813,1.3
0.814,1.3
0.815,1.3
0.816,1.3
0.817,1.3
0.818,1.3
0.819,1.3
0.82,1.3
0.821,1.3
0.822,1.3
0.823,1.3
0.824,1.3
0.825,1.3
0.826,1.3
0.827,1.3
0.828,1.3
0.829,1.3
0.83,1.3
0.831,1.3
0.832,1.3
0.833,1.3
0.834,1.3
0.835,1.3
0.836,1.3
0.837,1.3
0.838,1.3
0.839,1.3
0.84,1.3
0.841,1.3
0.842,1.3
0.843,1.3
0.844,1.3
0.845,1.3
0.846,1.3
0.847,1.3
0.848,1.3
0.849,1.3
0.85,1.3
0.851,1.3
0.852,1.3
0.853,1.3
0.854,1.3
0.855,1.3
0.856,1.3
0.857,1.3
0.858,1.3
0.859,1.3
0.86,1.3
0.861,1.3
0.862,1.3
0.863,1.3
0.864,1.3
0.865,1.3
0.866,1.3
0.867,1.3
0.868,1.3
0.869,1.3
0.87,1.3
0.871,1.3
0.872,1.3
0.873,1.3
0.874,1.3
0.875,1.3
0.876,1.3
0.877,1.3
0.878,1.3
0.879,1.3
0.88,1.3
0.881,1.3
0.882,1.3
0.883,1.3
0.884,1.3
0.885,1.3
0.886,1.3
0.887,1.3
0.888,1.3
0.889,1.3
0.89,1.3
0.891,1.3
0.892,1.3
0.893,1.3
0.894,1.3
0.895,1.3
0.896,1.3
0.897,1.3
0.898,1.3
0.899,1.3
0.9,1.3
0.901,1.3
0.902,1.3
0.903,1.3
0.904,1.3
0.905,1.3
0.906,1.3
0.907,1.3
0.908,1.3
0.909,1.3
0.91,1.3
0.911,1.3
0.912,1.3
0.913,1.3
0.914,1.3
0.915,1.3
0.916,1.3
0.917,1.3
0.918,1.3
0.919,1.3
0.92,1.3
0.921,1.3
0.922,1.3
0.923,1.3
0.924,1.3
0.925,1.3
0.926,1.3
0.927,1.3
0.928,1.3
0.929,1.3
0.93,1.3
0.931,1.3
0.932,1.3
0.933,1.3
0.934,1.3
0.935,1.3
0.936,1.3
0.937,1.3
0.938,1.3
0.939,1.3
0.94,1.3
0.941,1.3
0.942,1.3
0.943,1.3
0.944,1.3
0.945,1.3
0.946,1.3
0.947,1.3
0.948,1.3
0.949,1.3
0.95,1.3
0.951,1.3
0.952,1.3
0.953,1.3
0.954,1.3
0.955,1.3
0.956,1.3
0.957,1.3
0.958,1.3
0.959,1.3
0.96,1.3
0.961,1.3
0.962,1.3
0.963,1.3
0.964,1.3
0.965,1.3
0.966,1.3
0.967,1.3
0.968,1.3
0.969,1.3
0.97,1.3
0.971,1.3
0.972,1.3
0.973,1.3
0.974,1.3
0.975,1.3
0.976,1.3
0.977,1.3
0.978,1.3
0.979,1.3
0.98,1.3
0.981,1.3
0.982,1.3
0.983,1.3
0.984,1.3
0.985,1.3
0.986,1.3
0.987,1.3
0.988,1.3
0.989,1.3
0.99,1.3
0.991,1.3
0.992,1.3
0.993,1.3
0.994,1.3
0.995,1.3
0.996,1.3
0.997,1.3
0.998,1.3
0.999,1.3
1.0,1.3
1.001,1.3
1.002,1.3
1.003,1.3
1.004,1.3
1.005,1.3
1.006,1.3
1.007,1.3
1.008,1.3
1.009,1.3
1.01,1.3
1.011,1.3
1.012,1.3
1.013,1.3
1.014,1.3
1.015,1.3
1.016,1.3
1.017,1.3
1.018,1.3
1.019,1.3
1.02,1.3
1.021,1.3
1.022,1.3
1.023,1.3
1.024,1.3
1.025,1.3
1.026,1.3
1.027,1.3
1.028,1.3
1.029,1.3
1.03,1.3
1.031,1.3
1.032,1.3
1.033,1.3
1.034,1.3
1.035,1.3
1.036,1.3
1.037,1.3
1.038,1.3
1.039,1.3
1.04,1.3
1.041,1.3
1.042,1.3
1.043,1.3
1.044,1.3
1.045,1.3
1.046,1.3
1.047,1.3
1.048,1.3
1.049,1.3
1.05,1.3
1.051,1.3
1.052,1.3
1.053,1.3
1.054,1.3
1.055,1.3
1.056,1.3
1.057,1.3
1.058,1.3
1.059,1.3
1.06,1.3
1.061,1.3
1.062,1.3
1.063,1.3
1.064,1.3
1.065,1.3
1.066,1.3
1.067,1.3
1.068,1.3
1.069,1.3
1.07,1.3
1.071,1.3
1.072,1.3
1.073,1.3
1.074,1.3
1.075,1.3
1.076,1.3
1.077,1.3
1.078,1.3
1.079,1.3
1.08,1.3
1.081,1.3
1.082,1.3
1.083,1.3
1.084,1.3
1.085,1.3
1.086,1.3
1.087,1.3
1.088,1.3
1.089,1.3
1.09,1.3
1.091,1.3
1.092,1.3
1.093,1.3
1.094,1.3
1.095,1.3
1.096,1.3
1.097,1.3
1.098,1.3
1.099,1.3
1.1,1.3
1.101,1.3
1.102,1.3
1.103,1.3
1.104,1.3
1.105,1.3
1.106,1.3
1.107,1.3
1.108,1.3
1.109,1.3
1.11,1.3
1.111,1.3
1.112,1.3
1.113,1.3
1.114,1.3
1.115,1.3
1.116,1.3
1.117,1.3
1.118,1.3
1.119,1.3
1.12,1.3
1.121,1.3
1.122,1.3
1.123,1.3
1.124,1.3
1.125,1.3
1.126,1.3
1.127,1.3
1.128,1.3
1.129,1.3
1.13,1.3
1.131,1.3
1.132,1.3
1.133,1.3
1.134,1.3
1.135,1.3
1.136,1.3
1.137,1.3
1.138,1.3
1.139,1.3
1.14,1.3
1.141,1.3
1.142,1.3
1.143,1.3
1.144,1.3
1.145,1.3
1.146,1.3
1.147,1.3
1.148,1.3
1.149,1.3
1.15,1.3
1.151,1.3
1.152,1.3
1.153,1.3
1.154,1.3
1.155,1.3
1.156,1.3
1.157,1.3
1.158,1.3
1.159,1.3
1.16,1.3
1.161,1.3
1.162,1.3
1.163,1.3
1.164,1.3
1.165,1.3
1.166,1.3
1.167,1.3
1.168,1.3
1.169,1.3
1.17,1.3
1.171,1.3
1.172,1.3
1.173,1.3
1.174,1.3
1.175,1.3
1.176,1.3
1.177,1.3
1.178,1.3
1.179,1.3
1.18,1.3
1.181,1.3
1.182,1.3
1.183,1.3
1.184,1.3
1.185,1.3
1.186,1.3
1.187,1.3
1.188,1.3
1.189,1.3
1.19,1.3
1.191,1.3
1.192,1.3
1.193,1.3
1.194,1.3
1.195,1.3
1.196,1.3
1.197,1.3
1.198,1.3
1.199,1.3
1.2,1.3
1.201,1.3
1.202,1.3
1.203,1.3
1.204,1.3
1.205,1.3
1.206,1.3
1.207,1.3
1.208,1.3
1.209,1.3
1.21,1.3
1.211,1.3
1.212,1.3
1.213,1.3
1.214,1.3
1.215,1.3
1.216,1.3
1.217,1.3
1.218,1.3
1.219,1.3
1.22,1.3
1.221,1.3
1.222,1.3
1.223,1.3
1.224,1.3
1.225,1.3
1.226,1.3
1.227,1.3
1.228,1.3
1.229,1.3
1.23,1.3
1.231,1.3
1.232,1.3
1.233,1.3
1.234,1.3
1.235,1.3
1.236,1.3
1.237,1.3
1.238,1.3
1.239,1.3
1.24,1.3
1.241,1.3
1.242,1.3
1.243,1.3
1.244,1.3
1.245,1.3
1.246,1.3
1.247,1.3
1.248,1.3
1.249,1.3
1.25,1.3
1.251,1.3
1.252,1.3
1.253,1.3
1.254,1.3
1.255,1.3
1.256,1.3
1.257,1.3
1.258,1.3
1.259,1.3
1.26,1.3
1.261,1.3
1.262,1.3
1.263,1.3
1.264,1.3
1.265,1.3
1.266,1.3
1.267,1.3
1.268,1.3
1.269,1.3
1.27,1.3
1.271,1.3
1.272,1.3
1.273,1.3
1.274,1.3
1.275,1.3
1.276,1.3
1.277,1.3
1.278,1.3
1.279,1.3
1.28,1.3
1.281,1.3
1.282,1.3
1.283,1.3
1.284,1.3
1.285,1.3
1.286,1.3
1.287,1.3
1.288,1.3
1.289,1.3
1.29,1.3
1.291,1.3
1.292,1.3
1.293,1.3
1.294,1.3
1.295,1.3
1.296,1.3
1.297,1.3
1.298,1.3
1.299,1.3
1.3,1.3
1.301,1.3
1.302,1.3
1.303,1.3
1.304,1.3
1.305,1.3
1.306,1.3
1.307,1.3
1.308,1.3
1.309,1.3
1.31,1.3
1.311,1.3
1.312,1.3
1.313,1.3
1.314,1.3
1.315,1.3
1.316,1.3
1.317,1.3
1.318,1.3
1.319,1.3
1.32,1.3
1.321,1.3
1.322,1.3
1.323,1.3
1.324,1.3
1.325,1.3
1.326,1.3
1.327,1.3
1.328,1.3
1.329,1.3
1.33,1.3
1.331,1.3
1.332,1.3
1.333,1.3
1.334,1.3
1.335,1.3
1.336,1.3
1.337,1.3
1.338,1.3
1.339,1.3
1.34,1.3
1.341,1.3
1.342,1.3
1.343,1.3
1.344,1.3
1.345,1.3
1.346,1.3
1.347,1.3
1.348,1.3
1.349,1.3
1.35,1.3
1.351,1.3
1.352,1.3
1.353,1.3
1.354,1.3
1.355,1.3
1.356,1.3
1.357,1.3
1.358,1.3
1.359,1.3
1.36,1.3
1.361,1.3
1.362,1.3
1.363,1.3
1.364,1.3
1.365,1.3
1.366,1.3
1.367,1.3
1.368,1.3
1.369,1.3
1.37,1.3
1.371,1.3
1.372,1.3
1.373,1.3
1.374,1.3
1.375,1.3
1.376,1.3
1.377,1.3
1.378,1.3
1.379,1.3
1.38,1.3
1.381,1.3
1.382,1.3
1.383,1.3
1.384,1.3
1.385,1.3
1.386,1.3
1.387,1.3
1.388,1.3
1.389,1.3
1.39,1.3
1.391,1.3
1.392,1.3
1.393,1.3
1.394,1.3
1.395,1.3
1.396,1.3
1.397,1.3
1.398,1.3
1.399,1.3
1.4,1.3
1.401,1.3
1.402,1.3
1.403,1.3
1.404,1.3
1.405,1.3
1.406,1.3
1.407,1.3
1.408,1.3
1.409,1.3
1.41,1.3
1.411,1.3
1.412,1.3
1.413,1.3
1.414,1.3
1.415,1.3
1.416,1.3
1.417,1.3
1.418,1.3
1.419,1.3
1.42,1.3
1.421,1.3
1.422,1.3
1.423,1.3
1.424,1.3
1.425,1.3
1.426,1.3
1.427,1.3
1.428,1.3
1.429,1.3
1.43,1.3
1.431,1.3
1.432,1.3
1.433,1.3
1.434,1.3
1.435,1.3
1.436,1.3
1.437,1.3
1.438,1.3
1.439,1.3
1.44,1.3
1.441,1.3
1.442,1.3
1.443,1.3
1.444,1.3
1.445,1.3
1.446,1.3
1.447,1.3
1.448,1.3
1.449,1.3
1.45,1.3
1.451,1.3
1.452,1.3
1.453,1.3
1.454,1.3
1.455,1.3
1.456,1.3
1.457,1.3
1.458,1.3
1.459,1.3
1.46,1.3
1.461,1.3
1.462,1.3
1.463,1.3
1.464,1.3
1.465,1.3
1.466,1.3
1.467,1.3
1.468,1.3
1.469,1.3
1.47,1.3
1.471,1.3
1.472,1.3
1.473,1.3
1.474,1.3
1.475,1.3
1.476,1.3
1.477,1.3
1.478,1.3
1.479,1.3
1.48,1.3
1.481,1.3
1.482,1.3
1.483,1.3
1.484,1.3
1.485,1.3
1.486,1.3
1.487,1.3
1.488,1.3
1.489,1.3
1.49,1.3
1.491,1.3
1.492,1.3
1.493,1.3
1.494,1.3
1.495,1.3
1.496,1.3
1.497,1.3
1.498,1.3
1.499,1.3
1.5,1.3
1.501,1.3
1.502,1.3
1.503,1.3
1.504,1.3
1.505,1.3
1.506,1.3
1.507,1.3
1.508,1.3
1.509,1.3
1.51,1.3
1.511,1.3
1.512,1.3
1.513,1.3
1.514,1.3
1.515,1.3
1.516,1.3
1.517,1.3
1.518,1.3
1.519,1.3
1.52,1.3
1.521,1.3
1.522,1.3
1.523,1.3
1.524,1.3
1.525,1.3
1.526,1.3
1.527,1.3
1.528,1.3
1.529,1.3
1.53,1.3
1.531,1.3
1.532,1.3
1.533,1.3
1.534,1.3
1.535,1.3
1.536,1.3
1.537,1.3
1.538,1.3
1.539,1.3
1.54,1.3
1.541,1.3
1.542,1.3
1.543,1.3
1.544,1.3
1.545,1.3
1.546,1.3
1.547,1.3
1.548,1.3
1.549,1.3
1.55,1.3
1.551,1.3
1.552,1.3
1.553,1.3
1.554,1.3
1.555,1.3
1.556,1.3
1.557,1.3
1.558,1.3
1.559,1.3
1.56,1.3
1.561,1.3
1.562,1.3
1.563,1.3
1.564,1.3
1.565,1.3
1.566,1.3
1.567,1.3
1.568,1.3
1.569,1.3
1.57,1.3
1.571,1.3
1.572,1.3
1.573,1.3
1.574,1.3
1.575,1.3
1.576,1.3
1.577,1.3
1.578,1.3
1.579,1.3
1.58,1.3
1.581,1.3
1.582,1.3
1.583,1.3
1.584,1.3
1.585,1.3
1.586,1.3
1.587,1.3
1.588,1.3
1.589,1.3
1.59,1.3
1.591,1.3
1.592,1.3
1.593,1.3
1.594,1.3
1.595,1.3
1.596,1.3
1.597,1.3
1.598,1.3
1.599,1.3
1.6,1.3
1.601,1.3
1.602,1.3
1.603,1.3
1.604,1.3
1.605,1.3
1.606,1.3
1.607,1.3
1.608,1.3
1.609,1.3
1.61,1.3
1.611,1.3
1.612,1.3
1.613,1.3
1.614,1.3
1.615,1.3
1.616,1.3
1.617,1.3
1.618,1.3
1.619,1.3
1.62,1.3
1.621,1.3
1.622,1.3
1.623,1.3
1.624,1.3
1.625,1.3
1.626,1.3
1.627,1.3
1.628,1.3
1.629,1.3
1.63,1.3
1.631,1.3
1.632,1.3
1.633,1.3
1.634,1.3
1.635,1.3
1.636,1.3
1.637,1.3
1.638,1.3
1.639,1.3
1.64,1.3
1.641,1.3
1.642,1.3
1.643,1.3
1.644,1.3
1.645,1.3
1.646,1.3
1.647,1.3
1.648,1.3
1.649,1.3
1.65,1.3
1.651,1.3
1.652,1.3
1.653,1.3
1.654,1.3
1.655,1.3
1.656,1.3
1.657,1.3
1.658,1.3
1.659,1.3
1.66,1.3
1.661,1.3
1.662,1.3
1.663,1.3
1.664,1.3
1.665,1.3
1.666,1.3
1.667,1.3
1.668,1.3
1.669,1.3
1.67,1.3
1.671,1.3
1.672,1.3
1.673,1.3
1.674,1.3
1.675,1.3
1.676,1.3
1.677,1.3
1.678,1.3
1.679,1.3
1.68,1.3
1.681,1.3
1.682,1.3
1.683,1.3
1.684,1.3
1.685,1.3
1.686,1.3
1.687,1.3
1.688,1.3
1.689,1.3
1.69,1.3
1.691,1.3
1.692,1.3
1.693,1.3
1.694,1.3
1.695,1.3
1.696,1.3
1.697,1.3
1.698,1.3
1.699,1.3
1.7,1.3
1.701,1.3
1.702,1.3
1.703,1.3
1.704,1.3
1.705,1.3
1.706,1.3
1.707,1.3
1.708,1.3
1.709,1.3
1.71,1.3
1.711,1.3
1.712,1.3
1.713,1.3
1.714,1.3
1.715,1.3
1.716,1.3
1.717,1.3
1.718,1.3
1.719,1.3
1.72,1.3
1.721,1.3
1.722,1.3
1.723,1.3
1.724,1.3
1.725,1.3
1.726,1.3
1.727,1.3
1.728,1.3
1.729,1.3
1.73,1.3
1.731,1.3
1.732,1.3
1.733,1.3
1.734,1.3
1.735,1.3
1.736,1.3
1.737,1.3
1.738,1.3
1.739,1.3
1.74,1.3
1.741,1.3
1.742,1.3
1.743,1.3
1.744,1.3
1.745,1.3
1.746,1.3
1.747,1.3
1.748,1.3
1.749,1.3
1.75,1.3
1.751,1.3
1.752,1.3
1.753,1.3
1.754,1.3
1.755,1.3
1.756,1.3
1.757,1.3
1.758,1.3
1.759,1.3
1.76,1.3
1.761,1.3
1.762,1.3
1.763,1.3
1.764,1.3
1.765,1.3
1.766,1.3
1.767,1.3
1.768,1.3
1.769,1.3
1.77,1.3
1.771,1.3
1.772,1.3
1.773,1.3
1.774,1.3
1.775,1.3
1.776,1.3
1.777,1.3
1.778,1.3
1.779,1.3
1.78,1.3
1.781,1.3
1.782,1.3
1.783,1.3
1.784,1.3
1.785,1.3
1.786,1.3
1.787,1.3
1.788,1.3
1.789,1.3
1.79,1.3
1.791,1.3
1.792,1.3
1.793,1.3
1.794,1.3
1.795,1.3
1.796,1.3
1.797,1.3
1.798,1.3
1.799,1.3
1.8,1.3
1.801,1.3
1.802,1.3
1.803,1.3
1.804,1.3
1.805,1.3
1.806,1.3
1.807,1.3
1.808,1.3
1.809,1.3
1.81,1.3
1.811,1.3
1.812,1.3
1.813,1.3
1.814,1.3
1.815,1.3
1.816,1.3
1.817,1.3
1.818,1.3
1.819,1.3
1.82,1.3
1.821,1.3
1.822,1.3
1.823,1.3
1.824,1.3
1.825,1.3
1.826,1.3
1.827,1.3
1.828,1.3
1.829,1.3
1.83,1.3
1.831,1.3
1.832,1.3
1.833,1.3
1.834,1.3
1.835,1.3
1.836,1.3
1.837,1.3
1.838,1.3
1.839,1.3
1.84,1.3
1.841,1.3
1.842,1.3
1.843,1.3
1.844,1.3
1.845,1.3
1.846,1.3
1.847,1.3
1.848,1.3
1.849,1.3
1.85,1.3
1.851,1.3
1.852,1.3
1.853,1.3
1.854,1.3
1.855,1.3
1.856,1.3
1.857,1.3
1.858,1.3
1.859,1.3
1.86,1.3
1.861,1.3
1.862,1.3
1.863,1.3
1.864,1.3
1.865,1.3
1.866,1.3
1.867,1.3
1.868,1.3
1.869,1.3
1.87,1.3
1.871,1.3
1.872,1.3
1.873,1.3
1.874,1.3
1.875,1.3
1.876,1.3
1.877,1.3
1.878,1.3
1.879,1.3
1.88,1.3
1.881,1.3
1.882,1.3
1.883,1.3
1.884,1.3
1.885,1.3
1.886,1.3
1.887,1.3
1.888,1.3
1.889,1.3
1.89,1.3
1.891,1.3
1.892,1.3
1.893,1.3
1.894,1.3
1.895,1.3
1.896,1.3
1.897,1.3
1.898,1.3
1.899,1.3
1.9,1.3
1.901,1.3
1.902,1.3
1.903,1.3
1.904,1.3
1.905,1.3
1.906,1.3
1.907,1.3
1.908,1.3
1.909,1.3
1.91,1.3
1.911,1.3
1.912,1.3
1.913,1.3
1.914,1.3
1.915,1.3
1.916,1.3
1.917,1.3
1.918,1.3
1.919,1.3
1.92,1.3
1.921,1.3
1.922,1.3
1.923,1.3
1.924,1.3
1.925,1.3
1.926,1.3
1.927,1.3
1.928,1.3
1.929,1.3
1.93,1.3
1.931,1.3
1.932,1.3
1.933,1.3
1.934,1.3
1.935,1.3
1.936,1.3
1.937,1.3
1.938,1.3
1.939,1.3
1.94,1.3
1.941,1.3
1.942,1.3
1.943,1.3
1.944,1.3
1.945,1.3
1.946,1.3
1.947,1.3
1.948,1.3
1.949,1.3
1.95,1.3
1.951,1.3
1.952,1.3
1.953,1.3
1.954,1.3
1.955,1.3
1.956,1.3
1.957,1.3
1.958,1.3
1.959,1.3
1.96,1.3
1.961,1.3
1.962,1.3
1.963,1.3
1.964,1.3
1.965,1.3
1.966,1.3
1.967,1.3
1.968,1.3
1.969,1.3
1.97,1.3
1.971,1.3
1.972,1.3
1.973,1.3
1.974,1.3
1.975,1.3
1.976,1.3
1.977,1.3
1.978,1.3
1.979,1.3
1.98,1.3
1.981,1.3
1.982,1.3
1.983,1.3
1.984,1.3
1.985,1.3
1.986,1.3
1.987,1.3
1.988,1.3
1.989,1.3
1.99,1.3
1.991,1.3
1.992,1.3
1.993,1.3
1.994,1.3
1.995,1.3
1.996,1.3
1.997,1.3
1.998,1.3
1.999,1.3
